description,category,subcategory
Sewa rumah,needs,Financial Services
Bayar sewa,needs,Financial Services
Rent for apartment,needs,Financial Services
Monthly rent,needs,Financial Services
Rental payment due,needs,Financial Services
House rental,needs,Financial Services
Apartment rent,needs,Financial Services
Sewa flat,needs,Financial Services
Bayar sewa bulanan,needs,Financial Services
Rental for house,needs,Financial Services
Bayar insurans,needs,Financial Services
Insurance policy,needs,Financial Services
Car insurance,needs,Financial Services
Insurans kereta,needs,Financial Services
Life insurance premium,needs,Financial Services
Health insurance,needs,Financial Services
Insurance payment,needs,Financial Services
Bayar insurans nyawa,needs,Financial Services
Medical insurance,needs,Financial Services
Insurans kesihatan,needs,Financial Services
Bayar cukai,needs,Financial Services
LHDN tax payment,needs,Financial Services
Income tax,needs,Financial Services
Cukai pendapatan,needs,Financial Services
Tax payment,needs,Financial Services
Cukai pintu,needs,Financial Services
Property tax,needs,Financial Services
Assessment tax,needs,Financial Services
Cukai tanah,needs,Financial Services
Quit rent,needs,Financial Services
Bayar PTPTN,needs,Financial Services
Loan payment,needs,Financial Services
PTPTN loan,needs,Financial Services
Student loan,needs,Financial Services
Education loan,needs,Financial Services
Bayar pinjaman,needs,Financial Services
Pinjaman pendidikan,needs,Financial Services
PTPTN installment,needs,Financial Services
Loan repayment,needs,Financial Services
Bayar hutang PTPTN,needs,Financial Services
Ansuran kereta,needs,Financial Services
Car loan,needs,Financial Services
Vehicle loan,needs,Financial Services
Ansuran bulanan kereta,needs,Financial Services
Car installment,needs,Financial Services
Monthly car payment,needs,Financial Services
Bayar loan kereta,needs,Financial Services
Pinjaman kereta,needs,Financial Services
Auto loan,needs,Financial Services
Motor loan,needs,Financial Services
Ansuran rumah,needs,Financial Services
Mortgage payment,needs,Financial Services
House loan,needs,Financial Services
Home loan installment,needs,Financial Services
Bayar loan rumah,needs,Financial Services
Monthly mortgage,needs,Financial Services
Housing loan,needs,Financial Services
Pinjaman perumahan,needs,Financial Services
Home financing,needs,Financial Services
Bayar ansuran rumah,needs,Financial Services
Beli barang dapur,needs,Food & Beverage
Grocery shopping,needs,Food & Beverage
Groceries at Jaya,needs,Food & Beverage
Beli groceries,needs,Food & Beverage
Weekly groceries,needs,Food & Beverage
Market shopping,needs,Food & Beverage
Beli sayur,needs,Food & Beverage
Buy vegetables,needs,Food & Beverage
Fresh produce,needs,Food & Beverage
Beli ayam,needs,Food & Beverage
Chicken and meat,needs,Food & Beverage
Protein groceries,needs,Food & Beverage
Beli ikan,needs,Food & Beverage
Fish market,needs,Food & Beverage
Seafood for cooking,needs,Food & Beverage
Beli beras,needs,Food & Beverage
Rice purchase,needs,Food & Beverage
Staple food,needs,Food & Beverage
Beli minyak masak,needs,Food & Beverage
Cooking oil,needs,Food & Beverage
Kitchen essentials,needs,Food & Beverage
Barang basah,needs,Food & Beverage
Wet market,needs,Food & Beverage
Pasar malam,needs,Food & Beverage
Beli ubat,needs,Food & Beverage
Medication,needs,Food & Beverage
Pharmacy purchase,needs,Food & Beverage
Medicine from Guardian,needs,Food & Beverage
Ubat dari farmasi,needs,Food & Beverage
Prescription drugs,needs,Food & Beverage
Medical supplies,needs,Food & Beverage
Vitamins and supplements,needs,Food & Beverage
Health medication,needs,Food & Beverage
Antibiotics,needs,Food & Beverage
Beli susu anak,needs,Food & Beverage
Baby formula,needs,Food & Beverage
Infant milk,needs,Food & Beverage
Susu bayi,needs,Food & Beverage
Formula for baby,needs,Food & Beverage
Baby food,needs,Food & Beverage
Makanan bayi,needs,Food & Beverage
Cerelac,needs,Food & Beverage
Baby essentials food,needs,Food & Beverage
Similac formula,needs,Food & Beverage
Makan tengahari,needs,Food & Beverage
Lunch at restaurant,needs,Food & Beverage
Lunch for work,needs,Food & Beverage
Makan di pejabat,needs,Food & Beverage
Office lunch,needs,Food & Beverage
Packed lunch,needs,Food & Beverage
Nasi bungkus,needs,Food & Beverage
Economy rice,needs,Food & Beverage
Nasi campur,needs,Food & Beverage
Simple lunch,needs,Food & Beverage
Dinner with family,needs,Food & Beverage
Family meal,needs,Food & Beverage
Makan malam,needs,Food & Beverage
Dinner at home,needs,Food & Beverage
Cook dinner,needs,Food & Beverage
Masak untuk keluarga,needs,Food & Beverage
Home cooked meal,needs,Food & Beverage
Breakfast essentials,needs,Food & Beverage
Sarapan pagi,needs,Food & Beverage
Morning meal,needs,Food & Beverage
Minyak petrol,needs,Transportation
Isi minyak kereta,needs,Transportation
Fuel for bike,needs,Transportation
Petrol for car,needs,Transportation
Gasoline,needs,Transportation
Minyak motor,needs,Transportation
Fill up petrol,needs,Transportation
Fuel tank,needs,Transportation
Petrol station,needs,Transportation
Shell petrol,needs,Transportation
Petronas fuel,needs,Transportation
Diesel for car,needs,Transportation
Minyak diesel,needs,Transportation
Gas station,needs,Transportation
Full tank petrol,needs,Transportation
Bayar tol,needs,Transportation
Touch n Go,needs,Transportation
TNG reload,needs,Transportation
Toll payment,needs,Transportation
Highway toll,needs,Transportation
Plus toll,needs,Transportation
E-wallet for toll,needs,Transportation
Top up TNG,needs,Transportation
Tambah Touch n Go,needs,Transportation
RFID toll,needs,Transportation
RapidKL,needs,Transportation
LRT fare,needs,Transportation
MRT ticket,needs,Transportation
Public transport,needs,Transportation
Tambang LRT,needs,Transportation
Train fare,needs,Transportation
KTM komuter,needs,Transportation
Transit pass,needs,Transportation
My50 pass,needs,Transportation
Monthly transport pass,needs,Transportation
Tambang bas,needs,Transportation
Bus fare,needs,Transportation
Rapid bus,needs,Transportation
Bas harian,needs,Transportation
City bus,needs,Transportation
Stage bus,needs,Transportation
Express bus ticket,needs,Transportation
Bas ke kampung,needs,Transportation
Travel by bus,needs,Transportation
Public bus,needs,Transportation
Grab ride,needs,Transportation
Grab to work,needs,Transportation
Ride to office,needs,Transportation
Emergency Grab,needs,Transportation
Grab home,needs,Transportation
Taxi fare,needs,Transportation
Uber ride,needs,Transportation
Transport to hospital,needs,Transportation
Ride to clinic,needs,Transportation
Commute cost,needs,Transportation
Parking fee,needs,Transportation
Parking at office,needs,Transportation
Monthly parking,needs,Transportation
Parking ticket,needs,Transportation
Bayar parking,needs,Transportation
Car park,needs,Transportation
Office parking fee,needs,Transportation
Building parking,needs,Transportation
Paid parking,needs,Transportation
Parking for work,needs,Transportation
Bayar bil internet,needs,Telecommunication
Internet bill,needs,Telecommunication
Unifi bill,needs,Telecommunication
Broadband payment,needs,Telecommunication
WiFi bill,needs,Telecommunication
Internet bulanan,needs,Telecommunication
Time internet,needs,Telecommunication
Maxis Fibre,needs,Telecommunication
Home internet,needs,Telecommunication
Streamyx bill,needs,Telecommunication
Phone bill,needs,Telecommunication
Bayar bil telefon,needs,Telecommunication
Mobile bill,needs,Telecommunication
Postpaid bill,needs,Telecommunication
Celcom bill,needs,Telecommunication
Digi postpaid,needs,Telecommunication
Maxis postpaid,needs,Telecommunication
Phone plan,needs,Telecommunication
Monthly mobile,needs,Telecommunication
Prepaid reload,needs,Telecommunication
Utilities,needs,Telecommunication
Utility bills,needs,Telecommunication
Monthly utilities,needs,Telecommunication
Bayar utilities,needs,Telecommunication
Home utilities,needs,Telecommunication
Essential bills,needs,Telecommunication
TNB bill,needs,Telecommunication
Bayar bil elektrik,needs,Telecommunication
Electricity bill,needs,Telecommunication
Electric bill,needs,Telecommunication
Tenaga Nasional,needs,Telecommunication
Power bill,needs,Telecommunication
Bayar TNB,needs,Telecommunication
Monthly electric,needs,Telecommunication
Bil letrik,needs,Telecommunication
Energy bill,needs,Telecommunication
Bil air,needs,Telecommunication
Water bill,needs,Telecommunication
Air Selangor,needs,Telecommunication
Water utility,needs,Telecommunication
SYABAS bill,needs,Telecommunication
Bayar bil air,needs,Telecommunication
Monthly water,needs,Telecommunication
Water payment,needs,Telecommunication
Piped water,needs,Telecommunication
Utility air,needs,Telecommunication
IWK bill,needs,Telecommunication
Sewerage bill,needs,Telecommunication
Indah Water,needs,Telecommunication
Bayar IWK,needs,Telecommunication
Sanitation bill,needs,Telecommunication
Sewerage payment,needs,Telecommunication
Waste water,needs,Telecommunication
Monthly IWK,needs,Telecommunication
Drainage bill,needs,Telecommunication
Klinik,needs,Others
Jumpa doktor,needs,Others
Hospital visit,needs,Others
Medical checkup,needs,Others
Doctor appointment,needs,Others
See doctor,needs,Others
Consultation fee,needs,Others
Medical consultation,needs,Others
Klinik panel,needs,Others
GP visit,needs,Others
Beli buku sekolah,needs,Others
School fees,needs,Others
Yuran sekolah,needs,Others
Tuition fees,needs,Others
School payment,needs,Others
Educational expenses,needs,Others
Textbooks,needs,Others
School supplies,needs,Others
Stationery for school,needs,Others
Alat tulis,needs,Others
Yuran universiti,needs,Others
University fees,needs,Others
College tuition,needs,Others
Semester fees,needs,Others
Course payment,needs,Others
Education cost,needs,Others
Registration fee,needs,Others
Exam fees,needs,Others
Lab fees,needs,Others
Academic expenses,needs,Others
Repair kereta,needs,Others
Servis motor,needs,Others
Car service,needs,Others
Vehicle maintenance,needs,Others
Oil change,needs,Others
Tukar minyak hitam,needs,Others
Brake service,needs,Others
Tune up,needs,Others
Car repair,needs,Others
Workshop fee,needs,Others
Maintenance,needs,Others
Home repair,needs,Others
House maintenance,needs,Others
Fix broken pipe,needs,Others
Plumber service,needs,Others
Electrical repair,needs,Others
Aircond service,needs,Others
Repair roof,needs,Others
Painting walls,needs,Others
Home improvement,needs,Others
Beli pampers,needs,Others
Diapers,needs,Others
Disposable diapers,needs,Others
Lampin pakai buang,needs,Others
Baby diapers,needs,Others
Pampers pack,needs,Others
Diaper supply,needs,Others
Huggies,needs,Others
Drypers,needs,Others
Baby essentials,needs,Others
Barang tandas,needs,Others
Toiletries,needs,Others
Bathroom supplies,needs,Others
Tissue toilet,needs,Others
Toilet paper,needs,Others
Shampoo,needs,Others
Sabun mandi,needs,Others
Toothpaste,needs,Others
Personal hygiene,needs,Others
Cleaning supplies,needs,Others
Laundry detergent,needs,Others
Washing powder,needs,Others
Dishwashing soap,needs,Others
Cleaning products,needs,Others
Home cleaning,needs,Others
Sabun cuci,needs,Others
Pembersih rumah,needs,Others
Mop and bucket,needs,Others
Cleaning materials,needs,Others
Household items,needs,Others
Dental checkup,needs,Others
Teeth cleaning,needs,Others
Dentist visit,needs,Others
Scaling gigi,needs,Others
Dental treatment,needs,Others
Tooth filling,needs,Others
Oral care,needs,Others
Dental appointment,needs,Others
Check gigi,needs,Others
Eye checkup,needs,Others
Spectacles,needs,Others
Glasses prescription,needs,Others
Contact lenses,needs,Others
Eye test,needs,Others
New glasses,needs,Others
Cermin mata,needs,Others
Tukar cermin mata,needs,Others
Vision care,needs,Others
Beli kanta lekap,needs,Others
Pet food,needs,Others
Cat food,needs,Others
Dog food,needs,Others
Makanan kucing,needs,Others
Makanan anjing,needs,Others
Pet supplies,needs,Others
Kibbles,needs,Others
Pet care,needs,Others
Animal food,needs,Others
Vet visit,needs,Others
Childcare fees,needs,Others
Daycare payment,needs,Others
Nursery fees,needs,Others
Taska fees,needs,Others
Babysitter payment,needs,Others
Childminder,needs,Others
Preschool fees,needs,Others
Kindergarten,needs,Others
Tadika fees,needs,Others
Child supervision,needs,Others
Work clothes,needs,Others
Uniform kerja,needs,Others
Safety boots,needs,Others
Work attire,needs,Others
Professional clothing,needs,Others
Office wear,needs,Others
Work shoes,needs,Others
PPE equipment,needs,Others
Baju korporat,needs,Others
Work essentials,needs,Others
Fire extinguisher,needs,Others
First aid kit,needs,Others
Safety equipment,needs,Others
Emergency supplies,needs,Others
Home safety,needs,Others
Smoke detector,needs,Others
Security system,needs,Others
Door lock,needs,Others
Safety gear,needs,Others
House security,needs,Others
Starbucks,wants,Food & Beverage
Coffee,wants,Food & Beverage
Beli kopi,wants,Food & Beverage
Tealive,wants,Food & Beverage
Chatime,wants,Food & Beverage
Bubble tea,wants,Food & Beverage
Boba drink,wants,Food & Beverage
Zus Coffee,wants,Food & Beverage
Coffee Bean,wants,Food & Beverage
Kopi mahal,wants,Food & Beverage
Makan GrabFood,wants,Food & Beverage
Foodpanda,wants,Food & Beverage
Food delivery,wants,Food & Beverage
Order online food,wants,Food & Beverage
Delivery makan,wants,Food & Beverage
Grab delivery,wants,Food & Beverage
Panda delivery,wants,Food & Beverage
Lalamove food,wants,Food & Beverage
DoorDash,wants,Food & Beverage
Uber Eats,wants,Food & Beverage
Beli durian,wants,Food & Beverage
Musang King,wants,Food & Beverage
Expensive durian,wants,Food & Beverage
D24 durian,wants,Food & Beverage
Black Thorn,wants,Food & Beverage
Premium durian,wants,Food & Beverage
Durian feast,wants,Food & Beverage
Exotic fruits,wants,Food & Beverage
Luxury fruits,wants,Food & Beverage
Makan sedap,wants,Food & Beverage
Fine dining,wants,Food & Beverage
Fancy restaurant,wants,Food & Beverage
Expensive meal,wants,Food & Beverage
Gourmet food,wants,Food & Beverage
Upscale dining,wants,Food & Beverage
Restaurant splurge,wants,Food & Beverage
Dining out,wants,Food & Beverage
Eat at mall,wants,Food & Beverage
Buffet dinner,wants,Food & Beverage
Sushi restaurant,wants,Food & Beverage
Japanese food,wants,Food & Beverage
Korean BBQ,wants,Food & Beverage
Steamboat,wants,Food & Beverage
Hotpot restaurant,wants,Food & Beverage
Western food,wants,Food & Beverage
Italian restaurant,wants,Food & Beverage
French cuisine,wants,Food & Beverage
Michelin restaurant,wants,Food & Beverage
Celebrated meal,wants,Food & Beverage
Fast food,wants,Food & Beverage
McDonald's,wants,Food & Beverage
KFC meal,wants,Food & Beverage
Burger King,wants,Food & Beverage
Pizza Hut,wants,Food & Beverage
Dominos pizza,wants,Food & Beverage
Texas Chicken,wants,Food & Beverage
A&W,wants,Food & Beverage
Quick bite,wants,Food & Beverage
Junk food,wants,Food & Beverage
Secret Recipe cake,wants,Food & Beverage
Dessert shop,wants,Food & Beverage
Ice cream,wants,Food & Beverage
Baskin Robbins,wants,Food & Beverage
Inside Scoop,wants,Food & Beverage
Gelato,wants,Food & Beverage
Frozen yogurt,wants,Food & Beverage
Sweet treats,wants,Food & Beverage
Cake shop,wants,Food & Beverage
Pastry,wants,Food & Beverage
Bakery treats,wants,Food & Beverage
Cupcakes,wants,Food & Beverage
Macarons,wants,Food & Beverage
Premium desserts,wants,Food & Beverage
Artisan sweets,wants,Food & Beverage
Gourmet pastries,wants,Food & Beverage
Craft coffee,wants,Food & Beverage
Specialty coffee,wants,Food & Beverage
Mamak session,wants,Food & Beverage
Late night mamak,wants,Food & Beverage
Teh tarik,wants,Food & Beverage
Roti canai,wants,Food & Beverage
Nasi lemak special,wants,Food & Beverage
Seafood dinner,wants,Food & Beverage
Crab feast,wants,Food & Beverage
Lobster meal,wants,Food & Beverage
Prawns dinner,wants,Food & Beverage
Fish restaurant,wants,Food & Beverage
Steamboat buffet,wants,Food & Beverage
BBQ steamboat,wants,Food & Beverage
All you can eat,wants,Food & Beverage
Buffet rampage,wants,Food & Beverage
Unlimited food,wants,Food & Beverage
Movie ticket,wants,Entertainment
Tengok wayang,wants,Entertainment
Cinema,wants,Entertainment
GSC ticket,wants,Entertainment
TGV cinema,wants,Entertainment
MBO movies,wants,Entertainment
Film screening,wants,Entertainment
Latest movie,wants,Entertainment
Blockbuster film,wants,Entertainment
IMAX ticket,wants,Entertainment
Beli game Steam,wants,Entertainment
Gaming purchase,wants,Entertainment
Video games,wants,Entertainment
PS5 game,wants,Entertainment
Xbox game,wants,Entertainment
Nintendo Switch,wants,Entertainment
Mobile game,wants,Entertainment
In-app purchase,wants,Entertainment
Game credits,wants,Entertainment
Gaming currency,wants,Entertainment
Netflix,wants,Entertainment
Streaming service,wants,Entertainment
Netflix subscription,wants,Entertainment
Monthly Netflix,wants,Entertainment
Premium Netflix,wants,Entertainment
Disney Plus,wants,Entertainment
HBO Go,wants,Entertainment
Amazon Prime,wants,Entertainment
Apple TV Plus,wants,Entertainment
Streaming apps,wants,Entertainment
Spotify,wants,Entertainment
Music streaming,wants,Entertainment
Spotify Premium,wants,Entertainment
Apple Music,wants,Entertainment
YouTube Premium,wants,Entertainment
Music subscription,wants,Entertainment
Audio streaming,wants,Entertainment
Podcast subscription,wants,Entertainment
Digital music,wants,Entertainment
Online radio,wants,Entertainment
Astro bill,wants,Entertainment
Cable TV,wants,Entertainment
Satellite TV,wants,Entertainment
TV subscription,wants,Entertainment
Astro package,wants,Entertainment
Sports channel,wants,Entertainment
Movie channels,wants,Entertainment
Entertainment package,wants,Entertainment
Premium TV,wants,Entertainment
IPTV service,wants,Entertainment
Tiket konsert,wants,Entertainment
Concert tickets,wants,Entertainment
Live show,wants,Entertainment
Music festival,wants,Entertainment
Band concert,wants,Entertainment
Artist meet,wants,Entertainment
Fan meeting,wants,Entertainment
Stadium show,wants,Entertainment
Arena event,wants,Entertainment
Music performance,wants,Entertainment
Karaoke session,wants,Entertainment
Karaoke night,wants,Entertainment
Singing room,wants,Entertainment
KTV,wants,Entertainment
Neway karaoke,wants,Entertainment
Music box,wants,Entertainment
Karaoke party,wants,Entertainment
Group karaoke,wants,Entertainment
Singing lounge,wants,Entertainment
Private room KTV,wants,Entertainment
Arcade games,wants,Entertainment
Gaming center,wants,Entertainment
Timezone,wants,Entertainment
Game arcade,wants,Entertainment
Claw machine,wants,Entertainment
Video game center,wants,Entertainment
Gaming lounge,wants,Entertainment
Esports center,wants,Entertainment
PC gaming cafe,wants,Entertainment
Cybercafe,wants,Entertainment
Theme park ticket,wants,Entertainment
Amusement park,wants,Entertainment
Sunway Lagoon,wants,Entertainment
Genting theme park,wants,Entertainment
Legoland ticket,wants,Entertainment
Adventure park,wants,Entertainment
Water park,wants,Entertainment
Fun fair,wants,Entertainment
Carnival,wants,Entertainment
Rides and games,wants,Entertainment
Escape room,wants,Entertainment
Mystery room,wants,Entertainment
Puzzle game,wants,Entertainment
Interactive game,wants,Entertainment
Team building game,wants,Entertainment
Adventure challenge,wants,Entertainment
Mystery solving,wants,Entertainment
Group activity,wants,Entertainment
Fun experience,wants,Entertainment
Thrilling game,wants,Entertainment
Bowling,wants,Entertainment
Bowling alley,wants,Entertainment
Strike bowling,wants,Entertainment
Ten pin,wants,Entertainment
Bowling night,wants,Entertainment
Group bowling,wants,Entertainment
Bowling party,wants,Entertainment
Lane rental,wants,Entertainment
Bowling shoes,wants,Entertainment
Bowling tournament,wants,Entertainment
4D lottery,wants,Entertainment
Lottery ticket,wants,Entertainment
Toto,wants,Entertainment
Magnum 4D,wants,Entertainment
Sports Toto,wants,Entertainment
Damacai,wants,Entertainment
Gambling,wants,Entertainment
Lucky number,wants,Entertainment
Bet ticket,wants,Entertainment
Number game,wants,Entertainment
Beli baju,wants,Shopping
Shopping at Shopee,wants,Shopping
Lazada,wants,Shopping
Online shopping,wants,Shopping
E-commerce,wants,Shopping
Shopee haul,wants,Shopping
Lazada sale,wants,Shopping
Flash sale,wants,Shopping
Shopping spree,wants,Shopping
Impulse buy,wants,Shopping
Baju raya,wants,Shopping
Festival clothes,wants,Shopping
New clothes,wants,Shopping
Fashion shopping,wants,Shopping
Trendy outfit,wants,Shopping
Designer clothes,wants,Shopping
Branded apparel,wants,Shopping
Premium fashion,wants,Shopping
Luxury clothing,wants,Shopping
High street fashion,wants,Shopping
Zalora,wants,Shopping
Fashion online,wants,Shopping
Zalora shopping,wants,Shopping
Clothes delivery,wants,Shopping
Fashion haul,wants,Shopping
ASOS order,wants,Shopping
Fashion Nova,wants,Shopping
Shein purchase,wants,Shopping
H&M shopping,wants,Shopping
Zara clothes,wants,Shopping
Beli kasut baru,wants,Shopping
New shoes,wants,Shopping
Sneakers,wants,Shopping
Nike shoes,wants,Shopping
Adidas sneakers,wants,Shopping
Branded shoes,wants,Shopping
Designer footwear,wants,Shopping
Limited edition,wants,Shopping
Shoe collection,wants,Shopping
Kicks purchase,wants,Shopping
Handbag shopping,wants,Shopping
Designer bag,wants,Shopping
Luxury bag,wants,Shopping
Coach bag,wants,Shopping
Michael Kors,wants,Shopping
Louis Vuitton,wants,Shopping
Gucci bag,wants,Shopping
Premium handbag,wants,Shopping
Branded purse,wants,Shopping
Fashion accessories,wants,Shopping
Accessories shopping,wants,Shopping
Jewelry,wants,Shopping
Watch purchase,wants,Shopping
Branded watch,wants,Shopping
Luxury watch,wants,Shopping
Rolex,wants,Shopping
Smartwatch,wants,Shopping
Apple Watch,wants,Shopping
Samsung watch,wants,Shopping
Fitness tracker,wants,Shopping
Electronics shopping,wants,Shopping
Gadget purchase,wants,Shopping
New phone,wants,Shopping
iPhone,wants,Shopping
Samsung phone,wants,Shopping
Latest smartphone,wants,Shopping
Flagship phone,wants,Shopping
Pro model,wants,Shopping
Tablet purchase,wants,Shopping
iPad shopping,wants,Shopping
Laptop upgrade,wants,Shopping
MacBook,wants,Shopping
Gaming laptop,wants,Shopping
Premium laptop,wants,Shopping
Computer parts,wants,Shopping
PC upgrade,wants,Shopping
Graphics card,wants,Shopping
Gaming setup,wants,Shopping
Monitor purchase,wants,Shopping
Keyboard and mouse,wants,Shopping
Headphones,wants,Shopping
AirPods,wants,Shopping
Sony headphones,wants,Shopping
Bose speakers,wants,Shopping
Audio equipment,wants,Shopping
Smart speaker,wants,Shopping
Home theater,wants,Shopping
Sound system,wants,Shopping
Premium audio,wants,Shopping
Camera purchase,wants,Shopping
DSLR camera,wants,Shopping
Mirrorless camera,wants,Shopping
Canon camera,wants,Shopping
Sony camera,wants,Shopping
Photography gear,wants,Shopping
Camera lens,wants,Shopping
Tripod purchase,wants,Shopping
Camera accessories,wants,Shopping
Photography equipment,wants,Shopping
Furniture shopping,wants,Shopping
IKEA furniture,wants,Shopping
Home decor,wants,Shopping
Interior items,wants,Shopping
Decorative pieces,wants,Shopping
Sofa purchase,wants,Shopping
Bed frame,wants,Shopping
Mattress upgrade,wants,Shopping
Premium furniture,wants,Shopping
Designer furniture,wants,Shopping
Makeup shopping,wants,Shopping
Cosmetics haul,wants,Shopping
Sephora shopping,wants,Shopping
Beauty products,wants,Shopping
Skincare routine,wants,Shopping
Premium makeup,wants,Shopping
Luxury cosmetics,wants,Shopping
Perfume shopping,wants,Shopping
Designer fragrance,wants,Shopping
Expensive perfume,wants,Shopping
Chanel perfume,wants,Shopping
Dior fragrance,wants,Shopping
Tom Ford scent,wants,Shopping
Luxury scent,wants,Shopping
Signature perfume,wants,Shopping
Cologne purchase,wants,Shopping
Perfume collection,wants,Shopping
Premium fragrance,wants,Shopping
Books shopping,wants,Shopping
Bookstore haul,wants,Shopping
Novel purchase,wants,Shopping
Manga collection,wants,Shopping
Comics buying,wants,Shopping
Coffee table books,wants,Shopping
Collector's edition,wants,Shopping
Limited book,wants,Shopping
Hardcover books,wants,Shopping
Book collection,wants,Shopping
Toys shopping,wants,Shopping
Action figures,wants,Shopping
Collectibles,wants,Shopping
Funko Pop,wants,Shopping
LEGO sets,wants,Shopping
Model kits,wants,Shopping
Gundam models,wants,Shopping
Trading cards,wants,Shopping
Pokemon cards,wants,Shopping
Hobby supplies,wants,Shopping
Vacation,wants,Others
Pergi bercuti,wants,Others
Holiday trip,wants,Others
Travel expenses,wants,Others
Tourism,wants,Others
Vacation package,wants,Others
Travel booking,wants,Others
Flight tickets,wants,Others
Hotel booking,wants,Others
Resort stay,wants,Others
Hobby,wants,Others
Hobby materials,wants,Others
Craft supplies,wants,Others
Art materials,wants,Others
Painting supplies,wants,Others
Drawing tools,wants,Others
Photography hobby,wants,Others
Collecting hobby,wants,Others
DIY materials,wants,Others
Creative supplies,wants,Others
Gym,wants,Others
Gym membership,wants,Others
Fitness center,wants,Others
Personal trainer,wants,Others
Yoga class,wants,Others
Zumba class,wants,Others
Pilates session,wants,Others
Fitness class,wants,Others
Workout session,wants,Others
Exercise class,wants,Others
Delivery fee,wants,Others
Service charge,wants,Others
Convenience fee,wants,Others
Extra charges,wants,Others
Surcharge,wants,Others
Premium delivery,wants,Others
Express shipping,wants,Others
Fast delivery,wants,Others
Same day delivery,wants,Others
Priority shipping,wants,Others
Subscription,wants,Others
Monthly subscription,wants,Others
Premium membership,wants,Others
VIP access,wants,Others
Exclusive subscription,wants,Others
Digital subscription,wants,Others
App subscription,wants,Others
Software subscription,wants,Others
Cloud storage,wants,Others
Online service,wants,Others
Spa treatment,wants,Others
Massage session,wants,Others
Body massage,wants,Others
Reflexology,wants,Others
Facial treatment,wants,Others
Manicure pedicure,wants,Others
Nail salon,wants,Others
Beauty treatment,wants,Others
Wellness spa,wants,Others
Relaxation session,wants,Others
Hair salon,wants,Others
Hairstyling,wants,Others
Hair coloring,wants,Others
Rebonding,wants,Others
Hair treatment,wants,Others
Salon pampering,wants,Others
Premium salon,wants,Others
Hair spa,wants,Others
Styling session,wants,Others
Makeover,wants,Others
Pet grooming,wants,Others
Dog grooming,wants,Others
Cat grooming,wants,Others
Pet spa,wants,Others
Pet salon,wants,Others
Pet accessories,wants,Others
Pet toys,wants,Others
Pet clothes,wants,Others
Pet treats,wants,Others
Premium pet food,wants,Others
Donation,wants,Others
Charity,wants,Others
Giving back,wants,Others
Help others,wants,Others
Fundraising,wants,Others
Sponsorship,wants,Others
Community support,wants,Others
Social cause,wants,Others
Volunteer expenses,wants,Others
Philanthropic giving,wants,Others
Car wash premium,wants,Others
Car detailing,wants,Others
Vehicle spa,wants,Others
Car polish,wants,Others
Waxing service,wants,Others
Interior cleaning,wants,Others
Premium wash,wants,Others
Auto detailing,wants,Others
Car makeover,wants,Others
Vehicle beautification,wants,Others
Bayar ansuran motor,needs,Financial Services
Motorcycle loan,needs,Financial Services
Bike installment,needs,Financial Services
Motor payment,needs,Financial Services
Scooter loan,needs,Financial Services
Vehicle financing,needs,Financial Services
Hire purchase,needs,Financial Services
HP payment,needs,Financial Services
Credit card payment,needs,Financial Services
Pay credit card,needs,Financial Services
Bayar kad kredit,needs,Financial Services
Minimum payment,needs,Financial Services
CC bill,needs,Financial Services
Credit settlement,needs,Financial Services
Zakat payment,needs,Financial Services
Zakat fitrah,needs,Financial Services
Religious obligation,needs,Financial Services
Zakat income,needs,Financial Services
Islamic tax,needs,Financial Services
Charity obligation,needs,Financial Services
Mandatory charity,needs,Financial Services
Tabung haji,needs,Financial Services
Savings account,needs,Financial Services
Investment payment,needs,Financial Services
EPF contribution,needs,Financial Services
KWSP,needs,Financial Services
Retirement savings,needs,Financial Services
Provident fund,needs,Financial Services
Social security,needs,Financial Services
SOCSO payment,needs,Financial Services
PERKESO,needs,Financial Services
Employment insurance,needs,Financial Services
EIS payment,needs,Financial Services
Worker contribution,needs,Financial Services
Medical bills,needs,Others
Hospital bills,needs,Others
Surgery costs,needs,Others
Medical procedure,needs,Others
Lab tests,needs,Others
Blood test,needs,Others
X-ray scan,needs,Others
CT scan,needs,Others
MRI scan,needs,Others
Diagnostic tests,needs,Others
Emergency treatment,needs,Others
Urgent care,needs,Others
Ambulance fee,needs,Others
Medical emergency,needs,Others
ICU charges,needs,Others
Ward charges,needs,Others
Vaccination,needs,Others
Immunization,needs,Others
Flu vaccine,needs,Others
COVID vaccine,needs,Others
Child vaccination,needs,Others
Therapy session,needs,Others
Physiotherapy,needs,Others
Physical therapy,needs,Others
Rehabilitation,needs,Others
Medical therapy,needs,Others
Beli susu ibu,needs,Food & Beverage
Mother's milk,needs,Food & Beverage
Breast milk supplement,needs,Food & Beverage
Baby cereal,needs,Food & Beverage
Infant nutrition,needs,Food & Beverage
Isi gas dapur,needs,Telecommunication
Cooking gas refill,needs,Telecommunication
LPG cylinder,needs,Telecommunication
Gas bottle,needs,Telecommunication
Tong gas,needs,Telecommunication
Kitchen gas,needs,Telecommunication
Propane tank,needs,Telecommunication
Road tax kereta,needs,Financial Services
Vehicle road tax,needs,Financial Services
Roadtax renewal,needs,Financial Services
Car registration,needs,Financial Services
JPJ payment,needs,Financial Services
Motor road tax,needs,Financial Services
Annual road tax,needs,Financial Services
Puspakom inspection,needs,Transportation
Vehicle inspection,needs,Transportation
Car check,needs,Transportation
Emissions test,needs,Transportation
Safety inspection,needs,Transportation
Mandatory inspection,needs,Transportation
Tukar tayar kereta,needs,Transportation
Replace tires,needs,Transportation
New tires,needs,Transportation
Tire change,needs,Transportation
Flat tire repair,needs,Transportation
Puncture repair,needs,Transportation
Wheel alignment,needs,Transportation
Balancing tayar,needs,Transportation
Battery kereta,needs,Transportation
Car battery,needs,Transportation
Replace battery,needs,Transportation
New car battery,needs,Transportation
Jump start service,needs,Transportation
Starter battery,needs,Transportation
Wipers kereta,needs,Transportation
Windscreen wipers,needs,Transportation
Wiper blades,needs,Transportation
Replace wipers,needs,Transportation
Brake pads,needs,Transportation
Replace brake,needs,Transportation
Brake service,needs,Transportation
Brake repair,needs,Transportation
Brake fluid,needs,Transportation
Gear oil,needs,Transportation
Transmission oil,needs,Transportation
Engine oil change,needs,Transportation
Oil filter,needs,Transportation
Air filter,needs,Transportation
Spark plugs,needs,Transportation
Engine maintenance,needs,Transportation
Coolant refill,needs,Transportation
Radiator service,needs,Transportation
School uniform,needs,Others
Baju sekolah,needs,Others
PE uniform,needs,Others
Sports uniform,needs,Others
Uniform anak,needs,Others
White shoes,needs,Others
School shoes,needs,Others
Kasut sekolah,needs,Others
School bag,needs,Others
Beg sekolah,needs,Others
Backpack for school,needs,Others
Lunch box,needs,Others
Water bottle school,needs,Others
Pencil case,needs,Others
Exercise books,needs,Others
Buku latihan,needs,Others
Workbooks,needs,Others
Reference books,needs,Others
Dictionary,needs,Others
Calculator,needs,Others
Stationery set,needs,Others
Pens and pencils,needs,Others
Ruler and eraser,needs,Others
Art supplies school,needs,Others
Crayons and colors,needs,Others
Glue and scissors,needs,Others
Tuition fees,needs,Others
Tuition class,needs,Others
Extra class,needs,Others
Kelas tambahan,needs,Others
Private tutor,needs,Others
Online tuition,needs,Others
Math tuition,needs,Others
Science tuition,needs,Others
English class,needs,Others
Language tuition,needs,Others
Music lessons,needs,Others
Piano class,needs,Others
Violin lessons,needs,Others
Swimming class,needs,Others
Taekwondo class,needs,Others
Karate lessons,needs,Others
Ballet class,needs,Others
Dance lessons,needs,Others
Art class basic,needs,Others
Educational class,needs,Others
Baby milk powder,needs,Food & Beverage
Enfagrow,needs,Food & Beverage
Anmum,needs,Food & Beverage
Similac gold,needs,Food & Beverage
Friso gold,needs,Food & Beverage
Dumex,needs,Food & Beverage
Abbott formula,needs,Food & Beverage
Nestle formula,needs,Food & Beverage
Stage 1 formula,needs,Food & Beverage
Stage 2 formula,needs,Food & Beverage
Baby wipes,needs,Others
Wet wipes,needs,Others
Tissue basah,needs,Others
Cleaning wipes,needs,Others
Baby tissue,needs,Others
Diapers size M,needs,Others
Diapers size L,needs,Others
Newborn diapers,needs,Others
Pull-up diapers,needs,Others
Training pants,needs,Others
Baby powder,needs,Others
Baby lotion,needs,Others
Baby shampoo,needs,Others
Baby soap,needs,Others
Baby oil,needs,Others
Rash cream,needs,Others
Diaper cream,needs,Others
Baby care products,needs,Others
Infant essentials,needs,Others
Newborn care,needs,Others
Panadol,needs,Food & Beverage
Fever medicine,needs,Food & Beverage
Pain relief,needs,Food & Beverage
Cough syrup,needs,Food & Beverage
Cold medicine,needs,Food & Beverage
Flu medication,needs,Food & Beverage
Antibiotic,needs,Food & Beverage
Prescription meds,needs,Food & Beverage
Chronic medication,needs,Food & Beverage
Diabetes medicine,needs,Food & Beverage
Blood pressure pills,needs,Food & Beverage
Heart medication,needs,Food & Beverage
Asthma inhaler,needs,Food & Beverage
Allergy medicine,needs,Food & Beverage
Eye drops,needs,Food & Beverage
Ear drops,needs,Food & Beverage
Ointment,needs,Food & Beverage
Cream medication,needs,Food & Beverage
Band aids,needs,Others
Plasters,needs,Others
Gauze,needs,Others
Medical tape,needs,Others
Antiseptic,needs,Others
Dettol,needs,Others
Hand sanitizer,needs,Others
Face masks,needs,Others
N95 masks,needs,Others
Surgical masks,needs,Others
Thermometer,needs,Others
Blood pressure monitor,needs,Others
Glucometer,needs,Others
Medical equipment,needs,Others
Health monitoring,needs,Others
Spectacles repair,needs,Others
Lens replacement,needs,Others
Frame repair,needs,Others
Eye care,needs,Others
Reading glasses,needs,Others
Progressive lens,needs,Others
Bifocal lens,needs,Others
Anti-glare coating,needs,Others
Blue light glasses,needs,Others
Optical care,needs,Others
Contact lens solution,needs,Others
Lens cleaner,needs,Others
Contact lens case,needs,Others
Eye care solution,needs,Others
Vision correction,needs,Others
Dental filling,needs,Others
Tooth extraction,needs,Others
Root canal,needs,Others
Dental crown,needs,Others
Braces payment,needs,Others
Orthodontic treatment,needs,Others
Teeth whitening basic,needs,Others
Gum treatment,needs,Others
Oral surgery,needs,Others
Dental x-ray,needs,Others
Toothbrush,needs,Others
Electric toothbrush,needs,Others
Toothpaste,needs,Others
Dental floss,needs,Others
Mouthwash,needs,Others
Listerine,needs,Others
Oral care,needs,Others
Dental hygiene,needs,Others
Gum care,needs,Others
Sensitive toothpaste,needs,Others
Rice cooker,needs,Others
Cooking pot,needs,Others
Frying pan,needs,Others
Kitchen utensils,needs,Others
Cooking equipment,needs,Others
Plates and bowls,needs,Others
Cutlery set,needs,Others
Kitchen necessities,needs,Others
Food containers,needs,Others
Tupperware,needs,Others
Water filter,needs,Others
Water purifier,needs,Others
Drinking water,needs,Others
Mineral water,needs,Others
Coway filter,needs,Others
Filter cartridge,needs,Others
Clean water supply,needs,Others
Hydration needs,needs,Others
Light bulbs,needs,Others
LED bulbs,needs,Others
Energy saver,needs,Others
Light replacement,needs,Others
Electrical supplies,needs,Others
Extension cord,needs,Others
Power strip,needs,Others
Electrical safety,needs,Others
Adapter plug,needs,Others
Electrical needs,needs,Others
Broom and mop,needs,Others
Cleaning tools,needs,Others
Dustpan,needs,Others
Vacuum cleaner bags,needs,Others
Trash bags,needs,Others
Garbage bags,needs,Others
Plastic bags,needs,Others
Storage bags,needs,Others
Food wrap,needs,Others
Aluminum foil,needs,Others
Laundry basket,needs,Others
Clothes hanger,needs,Others
Drying rack,needs,Others
Ironing board,needs,Others
Iron,needs,Others
Laundry essentials,needs,Others
Fabric softener,needs,Others
Bleach,needs,Others
Stain remover,needs,Others
Washing needs,needs,Others
Fan repair,needs,Others
Standing fan,needs,Others
Ceiling fan,needs,Others
Ventilation,needs,Others
Fan replacement,needs,Others
Aircond gas,needs,Others
Aircon service,needs,Others
AC maintenance,needs,Others
Cooling system,needs,Others
Freon refill,needs,Others
Fridge repair,needs,Others
Refrigerator fix,needs,Others
Freezer repair,needs,Others
Washing machine repair,needs,Others
Washer service,needs,Others
Dryer repair,needs,Others
Appliance repair,needs,Others
Home appliances fix,needs,Others
Essential repairs,needs,Others
Microwave repair,needs,Others
Oven repair,needs,Others
Stove repair,needs,Others
Gas stove service,needs,Others
Kitchen appliance fix,needs,Others
Pest control,needs,Others
Termite treatment,needs,Others
Cockroach spray,needs,Others
Rat poison,needs,Others
Insecticide,needs,Others
Bug spray,needs,Others
Mosquito repellent,needs,Others
Pest management,needs,Others
Fumigation,needs,Others
Exterminator service,needs,Others
House painting,needs,Others
Wall paint,needs,Others
Paint job,needs,Others
Exterior painting,needs,Others
Interior paint,needs,Others
Touch up paint,needs,Others
Paint supplies,needs,Others
Renovation necessary,needs,Others
Home maintenance paint,needs,Others
Protective coating,needs,Others
Fire insurance,needs,Financial Services
Home insurance,needs,Financial Services
Property insurance,needs,Financial Services
Flood insurance,needs,Financial Services
Accident insurance,needs,Financial Services
Personal accident,needs,Financial Services
PA insurance,needs,Financial Services
Travel insurance,needs,Financial Services
Medical card,needs,Financial Services
Health coverage,needs,Financial Services
Bank charges,needs,Financial Services
Service fee bank,needs,Financial Services
Transaction fee,needs,Financial Services
ATM charges,needs,Financial Services
Transfer fee,needs,Financial Services
Interbank charges,needs,Financial Services
Account fee,needs,Financial Services
Maintenance fee bank,needs,Financial Services
Banking costs,needs,Financial Services
Financial charges,needs,Financial Services
Legal fees necessary,needs,Financial Services
Lawyer consultation,needs,Financial Services
Legal advice,needs,Financial Services
Court fees,needs,Financial Services
Document preparation,needs,Financial Services
Notary fees,needs,Financial Services
Stamp duty,needs,Financial Services
Legal documentation,needs,Financial Services
Attorney fees,needs,Financial Services
Legal proceedings,needs,Financial Services
Marriage certificate,needs,Financial Services
Birth certificate,needs,Financial Services
Death certificate,needs,Financial Services
IC replacement,needs,Financial Services
Passport renewal,needs,Financial Services
License renewal,needs,Financial Services
Government fees,needs,Financial Services
Official documents,needs,Financial Services
Registration fees,needs,Financial Services
Administrative costs,needs,Financial Services
Work permit,needs,Financial Services
Visa application,needs,Financial Services
Immigration fees,needs,Financial Services
Document processing,needs,Financial Services
Professional license,needs,Financial Services
Halal certification,needs,Financial Services
Business license,needs,Financial Services
Permit fees,needs,Financial Services
Regulatory fees,needs,Financial Services
Compliance costs,needs,Financial Services
Breakfast set,wants,Food & Beverage
Fancy breakfast,wants,Food & Beverage
Brunch buffet,wants,Food & Beverage
Weekend brunch,wants,Food & Beverage
Eggs Benedict,wants,Food & Beverage
Pancakes special,wants,Food & Beverage
French toast,wants,Food & Beverage
Acai bowl,wants,Food & Beverage
Avocado toast,wants,Food & Beverage
Gourmet breakfast,wants,Food & Beverage
Afternoon tea,wants,Food & Beverage
High tea,wants,Food & Beverage
Tea set,wants,Food & Beverage
Pastries and tea,wants,Food & Beverage
Scones and jam,wants,Food & Beverage
Fancy tea time,wants,Food & Beverage
Tea ceremony,wants,Food & Beverage
Premium tea,wants,Food & Beverage
Artisan tea,wants,Food & Beverage
Specialty tea,wants,Food & Beverage
Ramen restaurant,wants,Food & Beverage
Tonkotsu ramen,wants,Food & Beverage
Japanese noodles,wants,Food & Beverage
Authentic ramen,wants,Food & Beverage
Premium ramen,wants,Food & Beverage
Udon noodles,wants,Food & Beverage
Soba restaurant,wants,Food & Beverage
Noodle bar,wants,Food & Beverage
Asian fusion,wants,Food & Beverage
Thai restaurant,wants,Food & Beverage
Tom yum special,wants,Food & Beverage
Pad Thai,wants,Food & Beverage
Green curry,wants,Food & Beverage
Thai cuisine,wants,Food & Beverage
Authentic Thai,wants,Food & Beverage
Vietnamese food,wants,Food & Beverage
Pho restaurant,wants,Food & Beverage
Banh mi,wants,Food & Beverage
Vietnamese cuisine,wants,Food & Beverage
Spring rolls,wants,Food & Beverage
Chinese restaurant,wants,Food & Beverage
Dim sum,wants,Food & Beverage
Yum cha,wants,Food & Beverage
Peking duck,wants,Food & Beverage
Hot pot,wants,Food & Beverage
Claypot rice,wants,Food & Beverage
Szechuan food,wants,Food & Beverage
Cantonese cuisine,wants,Food & Beverage
Chinese fine dining,wants,Food & Beverage
Authentic Chinese,wants,Food & Beverage
Indian restaurant,wants,Food & Beverage
Nasi briyani,wants,Food & Beverage
Tandoori chicken,wants,Food & Beverage
Butter chicken,wants,Food & Beverage
Naan bread,wants,Food & Beverage
Banana leaf rice,wants,Food & Beverage
Curry house,wants,Food & Beverage
North Indian,wants,Food & Beverage
South Indian,wants,Food & Beverage
Indian cuisine,wants,Food & Beverage
Mexican restaurant,wants,Food & Beverage
Tacos,wants,Food & Beverage
Burritos,wants,Food & Beverage
Nachos,wants,Food & Beverage
Quesadillas,wants,Food & Beverage
Mexican food,wants,Food & Beverage
Tex Mex,wants,Food & Beverage
Fajitas,wants,Food & Beverage
Guacamole,wants,Food & Beverage
Salsa and chips,wants,Food & Beverage
Steak dinner,wants,Food & Beverage
Ribeye steak,wants,Food & Beverage
Wagyu beef,wants,Food & Beverage
Premium steak,wants,Food & Beverage
Steakhouse,wants,Food & Beverage
Grilled meat,wants,Food & Beverage
BBQ restaurant,wants,Food & Beverage
Korean BBQ buffet,wants,Food & Beverage
All you can eat BBQ,wants,Food & Beverage
Meat feast,wants,Food & Beverage
Pasta restaurant,wants,Food & Beverage
Carbonara,wants,Food & Beverage
Bolognese,wants,Food & Beverage
Aglio olio,wants,Food & Beverage
Seafood pasta,wants,Food & Beverage
Fresh pasta,wants,Food & Beverage
Handmade pasta,wants,Food & Beverage
Italian pasta,wants,Food & Beverage
Truffle pasta,wants,Food & Beverage
Creamy pasta,wants,Food & Beverage
Bakery cafe,wants,Food & Beverage
Artisan bread,wants,Food & Beverage
Sourdough,wants,Food & Beverage
Croissant,wants,Food & Beverage
Danish pastry,wants,Food & Beverage
Pain au chocolat,wants,Food & Beverage
Cinnamon roll,wants,Food & Beverage
Bagels,wants,Food & Beverage
Muffins,wants,Food & Beverage
Brownies,wants,Food & Beverage
Cheesecake,wants,Food & Beverage
Tiramisu,wants,Food & Beverage
Chocolate cake,wants,Food & Beverage
Red velvet,wants,Food & Beverage
Lemon tart,wants,Food & Beverage
Fruit tart,wants,Food & Beverage
Pavlova,wants,Food & Beverage
Eclairs,wants,Food & Beverage
Profiteroles,wants,Food & Beverage
French pastries,wants,Food & Beverage
Gourmet donuts,wants,Food & Beverage
Artisan donuts,wants,Food & Beverage
Fancy donuts,wants,Food & Beverage
Big Apple donuts,wants,Food & Beverage
Krispy Kreme,wants,Food & Beverage
Dunkin Donuts,wants,Food & Beverage
Donut shop,wants,Food & Beverage
Glazed donuts,wants,Food & Beverage
Filled donuts,wants,Food & Beverage
Specialty donuts,wants,Food & Beverage
Milkshake,wants,Food & Beverage
Smoothie bowl,wants,Food & Beverage
Protein shake,wants,Food & Beverage
Fresh juice,wants,Food & Beverage
Cold pressed juice,wants,Food & Beverage
Detox juice,wants,Food & Beverage
Fruit smoothie,wants,Food & Beverage
Acai smoothie,wants,Food & Beverage
Premium drinks,wants,Food & Beverage
Specialty drinks,wants,Food & Beverage
Cocktail,wants,Food & Beverage
Mixed drinks,wants,Food & Beverage
Bar drinks,wants,Food & Beverage
Alcoholic beverages,wants,Food & Beverage
Wine bottle,wants,Food & Beverage
Red wine,wants,Food & Beverage
White wine,wants,Food & Beverage
Champagne,wants,Food & Beverage
Sparkling wine,wants,Food & Beverage
Prosecco,wants,Food & Beverage
Beer tower,wants,Food & Beverage
Craft beer,wants,Food & Beverage
Import beer,wants,Food & Beverage
Premium beer,wants,Food & Beverage
Draft beer,wants,Food & Beverage
Whiskey,wants,Food & Beverage
Scotch,wants,Food & Beverage
Bourbon,wants,Food & Beverage
Vodka,wants,Food & Beverage
Gin tonic,wants,Food & Beverage
Sake,wants,Food & Beverage
Soju,wants,Food & Beverage
Asian alcohol,wants,Food & Beverage
Bar hopping,wants,Food & Beverage
Pub crawl,wants,Food & Beverage
Night out drinks,wants,Food & Beverage
Club drinks,wants,Food & Beverage
Bottle service,wants,Food & Beverage
VIP drinks,wants,Food & Beverage
Premium liquor,wants,Food & Beverage
Top shelf,wants,Food & Beverage
Luxury drinks,wants,Food & Beverage
Designer drinks,wants,Food & Beverage
Signature cocktails,wants,Food & Beverage
PlayStation 5,wants,Entertainment
PS5 console,wants,Entertainment
Xbox Series X,wants,Entertainment
Gaming console,wants,Entertainment
Nintendo Switch OLED,wants,Entertainment
Gaming system,wants,Entertainment
Console upgrade,wants,Entertainment
Next gen console,wants,Entertainment
Gaming hardware,wants,Entertainment
Console bundle,wants,Entertainment
PS5 controller,wants,Entertainment
DualSense,wants,Entertainment
Xbox controller,wants,Entertainment
Pro controller,wants,Entertainment
Gaming accessories,wants,Entertainment
Headset gaming,wants,Entertainment
Gaming headphones,wants,Entertainment
Mic for gaming,wants,Entertainment
Streaming equipment,wants,Entertainment
Webcam streaming,wants,Entertainment
Mobile Legends diamonds,wants,Entertainment
MLBB skins,wants,Entertainment
Genshin Impact,wants,Entertainment
Game top up,wants,Entertainment
Valorant points,wants,Entertainment
Riot points,wants,Entertainment
COD points,wants,Entertainment
PUBG UC,wants,Entertainment
Free Fire diamonds,wants,Entertainment
Game currency,wants,Entertainment
Battle pass,wants,Entertainment
Season pass,wants,Entertainment
DLC content,wants,Entertainment
Game expansion,wants,Entertainment
Premium content,wants,Entertainment
Collector's edition,wants,Entertainment
Limited edition game,wants,Entertainment
Preorder game,wants,Entertainment
Day one edition,wants,Entertainment
Special edition,wants,Entertainment
Board games,wants,Entertainment
Card games,wants,Entertainment
Tabletop games,wants,Entertainment
Dungeons Dragons,wants,Entertainment
Trading card game,wants,Entertainment
Magic cards,wants,Entertainment
Yu-Gi-Oh cards,wants,Entertainment
Pokemon TCG,wants,Entertainment
Collectible cards,wants,Entertainment
Card sleeves,wants,Entertainment
Disney Plus Premium,wants,Entertainment
HBO Max,wants,Entertainment
Paramount Plus,wants,Entertainment
Discovery Plus,wants,Entertainment
Viu Premium,wants,Entertainment
iQIYI VIP,wants,Entertainment
WeTV VIP,wants,Entertainment
Tonton Premium,wants,Entertainment
Streaming bundle,wants,Entertainment
Multiple streaming,wants,Entertainment
YouTube Music,wants,Entertainment
Tidal HiFi,wants,Entertainment
Deezer Premium,wants,Entertainment
SoundCloud Pro,wants,Entertainment
Bandcamp,wants,Entertainment
Music downloads,wants,Entertainment
iTunes purchase,wants,Entertainment
Album purchase,wants,Entertainment
Concert merchandise,wants,Entertainment
Band merch,wants,Entertainment
Artist merchandise,wants,Entertainment
K-pop merchandise,wants,Entertainment
BTS merch,wants,Entertainment
Blackpink merch,wants,Entertainment
Album collection,wants,Entertainment
Limited album,wants,Entertainment
Signed album,wants,Entertainment
Photocard,wants,Entertainment
Lightstick,wants,Entertainment
Fan merchandise,wants,Entertainment
Poster collection,wants,Entertainment
Music memorabilia,wants,Entertainment
Vinyl records,wants,Entertainment
Rare vinyl,wants,Entertainment
Record collection,wants,Entertainment
Turntable,wants,Entertainment
Audio equipment premium,wants,Entertainment
Hi-fi system,wants,Entertainment
Music festival ticket,wants,Entertainment
Good Vibes Fest,wants,Entertainment
Urbanscapes,wants,Entertainment
Rockaway Festival,wants,Entertainment
Festival pass,wants,Entertainment
VIP festival,wants,Entertainment
Front row tickets,wants,Entertainment
Premium seats,wants,Entertainment
Meet and greet,wants,Entertainment
Backstage pass,wants,Entertainment
Sports tickets,wants,Entertainment
Football match,wants,Entertainment
Basketball game,wants,Entertainment
Badminton tournament,wants,Entertainment
F1 tickets,wants,Entertainment
MotoGP tickets,wants,Entertainment
Stadium seats,wants,Entertainment
VIP box seats,wants,Entertainment
Season tickets,wants,Entertainment
Premium sports,wants,Entertainment
Tennis shoes,wants,Shopping
Running shoes,wants,Shopping
Training shoes,wants,Shopping
Basketball shoes,wants,Shopping
Football boots,wants,Shopping
Gym shoes,wants,Shopping
Casual sneakers,wants,Shopping
Lifestyle shoes,wants,Shopping
Limited sneakers,wants,Shopping
Hype sneakers,wants,Shopping
Uniqlo shopping,wants,Shopping
H&M haul,wants,Shopping
Forever 21,wants,Shopping
Cotton On,wants,Shopping
Pull and Bear,wants,Shopping
Bershka,wants,Shopping
Stradivarius,wants,Shopping
Fast fashion,wants,Shopping
Trendy clothes,wants,Shopping
Fashion trend,wants,Shopping
Designer jeans,wants,Shopping
Premium denim,wants,Shopping
Levi's jeans,wants,Shopping
G-Star jeans,wants,Shopping
Branded denim,wants,Shopping
Dress shopping,wants,Shopping
Evening gown,wants,Shopping
Cocktail dress,wants,Shopping
Party dress,wants,Shopping
Designer dress,wants,Shopping
Luxury apparel,wants,Shopping
High fashion,wants,Shopping
Runway fashion,wants,Shopping
Couture clothing,wants,Shopping
Premium fashion house,wants,Shopping
Sunglasses,wants,Shopping
Ray-Ban,wants,Shopping
Oakley,wants,Shopping
Designer shades,wants,Shopping
Luxury sunglasses,wants,Shopping
Polarized sunglasses,wants,Shopping
Fashion eyewear,wants,Shopping
Branded sunglasses,wants,Shopping
Premium eyewear,wants,Shopping
Sunglass collection,wants,Shopping
Belt designer,wants,Shopping
Leather belt,wants,Shopping
Luxury belt,wants,Shopping
Gucci belt,wants,Shopping
Louis Vuitton belt,wants,Shopping
Hermes belt,wants,Shopping
Designer accessories,wants,Shopping
Premium leather goods,wants,Shopping
Luxury fashion items,wants,Shopping
Status accessories,wants,Shopping
Wallet designer,wants,Shopping
Leather wallet,wants,Shopping
Premium wallet,wants,Shopping
Branded wallet,wants,Shopping
Luxury wallet,wants,Shopping
Card holder luxury,wants,Shopping
Money clip,wants,Shopping
Designer small goods,wants,Shopping
Leather accessories,wants,Shopping
Premium leather,wants,Shopping
Backpack designer,wants,Shopping
Laptop bag premium,wants,Shopping
Tumi bag,wants,Shopping
Samsonite premium,wants,Shopping
Travel bag luxury,wants,Shopping
Luggage set,wants,Shopping
Rimowa luggage,wants,Shopping
Designer luggage,wants,Shopping
Premium suitcase,wants,Shopping
Travel accessories premium,wants,Shopping
AirPods Pro,wants,Shopping
AirPods Max,wants,Shopping
Wireless earbuds,wants,Shopping
Sony WH1000XM5,wants,Shopping
Bose QC45,wants,Shopping
Sennheiser,wants,Shopping
Audio Technica,wants,Shopping
Premium earphones,wants,Shopping
Noise cancelling,wants,Shopping
Audiophile gear,wants,Shopping
iPhone 15 Pro,wants,Shopping
iPhone 15 Pro Max,wants,Shopping
Samsung S24 Ultra,wants,Shopping
Samsung Z Fold,wants,Shopping
Samsung Z Flip,wants,Shopping
Foldable phone,wants,Shopping
Flagship smartphone,wants,Shopping
Latest iPhone,wants,Shopping
Top tier phone,wants,Shopping
Premium smartphone,wants,Shopping
iPad Pro,wants,Shopping
iPad Air,wants,Shopping
Samsung Tab S9,wants,Shopping
Galaxy Tab,wants,Shopping
Premium tablet,wants,Shopping
Drawing tablet,wants,Shopping
Wacom tablet,wants,Shopping
Digital art tablet,wants,Shopping
Graphic tablet,wants,Shopping
Creative device,wants,Shopping
MacBook Pro,wants,Shopping
MacBook Air,wants,Shopping
Apple laptop,wants,Shopping
Dell XPS,wants,Shopping
Razer Blade,wants,Shopping
MSI gaming laptop,wants,Shopping
ASUS ROG,wants,Shopping
High-end laptop,wants,Shopping
Premium notebook,wants,Shopping
Performance laptop,wants,Shopping
RTX 4090,wants,Shopping
RTX 4080,wants,Shopping
Graphics card upgrade,wants,Shopping
GPU purchase,wants,Shopping
Gaming GPU,wants,Shopping
High-end GPU,wants,Shopping
AMD Radeon,wants,Shopping
PC component,wants,Shopping
Computer upgrade,wants,Shopping
Gaming rig,wants,Shopping
Mechanical keyboard,wants,Shopping
Custom keyboard,wants,Shopping
Gaming keyboard,wants,Shopping
RGB keyboard,wants,Shopping
Premium keyboard,wants,Shopping
Keycaps custom,wants,Shopping
Artisan keycaps,wants,Shopping
Keyboard switches,wants,Shopping
Enthusiast keyboard,wants,Shopping
Keyboard hobby,wants,Shopping
Gaming mouse,wants,Shopping
Logitech G Pro,wants,Shopping
Razer mouse,wants,Shopping
Wireless gaming mouse,wants,Shopping
Premium mouse,wants,Shopping
High DPI mouse,wants,Shopping
Esports mouse,wants,Shopping
Professional gaming,wants,Shopping
Mouse collection,wants,Shopping
Gaming peripherals,wants,Shopping
4K monitor,wants,Shopping
Gaming monitor,wants,Shopping
144Hz display,wants,Shopping
240Hz monitor,wants,Shopping
Ultrawide monitor,wants,Shopping
OLED monitor,wants,Shopping
LG monitor,wants,Shopping
Samsung monitor,wants,Shopping
ASUS monitor,wants,Shopping
Premium display,wants,Shopping
RGB lighting,wants,Shopping
LED strips,wants,Shopping
Nanoleaf panels,wants,Shopping
Smart lighting,wants,Shopping
Philips Hue,wants,Shopping
Gaming lights,wants,Shopping
Room aesthetics,wants,Shopping
Setup lighting,wants,Shopping
Ambient lighting,wants,Shopping
Mood lighting,wants,Shopping
Gaming chair,wants,Shopping
Secretlab chair,wants,Shopping
Herman Miller,wants,Shopping
Ergonomic chair premium,wants,Shopping
Racing chair,wants,Shopping
Executive chair,wants,Shopping
Premium office chair,wants,Shopping
Comfortable gaming,wants,Shopping
Streamer chair,wants,Shopping
Content creator chair,wants,Shopping
Desk setup,wants,Shopping
Gaming desk,wants,Shopping
Standing desk,wants,Shopping
Electric desk,wants,Shopping
Premium desk,wants,Shopping
Setup table,wants,Shopping
L-shaped desk,wants,Shopping
Custom desk,wants,Shopping
Workstation desk,wants,Shopping
Content creator desk,wants,Shopping
Canon EOS R,wants,Shopping
Sony Alpha,wants,Shopping
Nikon Z series,wants,Shopping
Fujifilm XT,wants,Shopping
Full frame camera,wants,Shopping
Professional camera,wants,Shopping
Content creator camera,wants,Shopping
Vlogging camera,wants,Shopping
Photography camera,wants,Shopping
Videography camera,wants,Shopping
Prime lens,wants,Shopping
Zoom lens,wants,Shopping
50mm lens,wants,Shopping
85mm portrait,wants,Shopping
24-70mm lens,wants,Shopping
70-200mm lens,wants,Shopping
Wide angle lens,wants,Shopping
Macro lens,wants,Shopping
Telephoto lens,wants,Shopping
Professional lens,wants,Shopping
Camera bag,wants,Shopping
Peak Design bag,wants,Shopping
Lowepro bag,wants,Shopping
Photography bag,wants,Shopping
Camera accessories,wants,Shopping
SD cards pro,wants,Shopping
Memory cards fast,wants,Shopping
CFexpress cards,wants,Shopping
Storage cards,wants,Shopping
Photography storage,wants,Shopping
Gimbal,wants,Shopping
DJI Ronin,wants,Shopping
Stabilizer,wants,Shopping
Camera stabilizer,wants,Shopping
Video equipment,wants,Shopping
Lighting kit,wants,Shopping
Studio lights,wants,Shopping
Softbox lighting,wants,Shopping
Ring light,wants,Shopping
Video lighting,wants,Shopping
Drone,wants,Shopping
DJI Mavic,wants,Shopping
DJI Air,wants,Shopping
DJI Mini,wants,Shopping
Camera drone,wants,Shopping
Professional drone,wants,Shopping
Aerial photography,wants,Shopping
FPV drone,wants,Shopping
Racing drone,wants,Shopping
Drone accessories,wants,Shopping
Action camera,wants,Shopping
GoPro Hero,wants,Shopping
DJI Action,wants,Shopping
Insta360,wants,Shopping
360 camera,wants,Shopping
Adventure camera,wants,Shopping
Sofa IKEA,wants,Shopping
Bed frame king,wants,Shopping
Queen mattress,wants,Shopping
Memory foam mattress,wants,Shopping
Premium mattress,wants,Shopping
Luxury bedding,wants,Shopping
Designer furniture,wants,Shopping
Scandinavian furniture,wants,Shopping
Modern furniture,wants,Shopping
Contemporary design,wants,Shopping
Dining table set,wants,Shopping
Dining chairs,wants,Shopping
Bar stools,wants,Shopping
Kitchen island,wants,Shopping
Cabinet custom,wants,Shopping
Wardrobe IKEA,wants,Shopping
Walk-in closet,wants,Shopping
Storage solutions,wants,Shopping
Organization system,wants,Shopping
Closet organizer,wants,Shopping
Curtains premium,wants,Shopping
Blinds electric,wants,Shopping
Window treatment,wants,Shopping
Smart blinds,wants,Shopping
Designer curtains,wants,Shopping
Rug premium,wants,Shopping
Persian rug,wants,Shopping
Area rug,wants,Shopping
Carpet luxury,wants,Shopping
Floor covering designer,wants,Shopping
Wall art,wants,Shopping
Canvas prints,wants,Shopping
Framed art,wants,Shopping
Paintings,wants,Shopping
Art prints,wants,Shopping
Sculpture,wants,Shopping
Decorative pieces,wants,Shopping
Home accents,wants,Shopping
Vase designer,wants,Shopping
Decorative objects,wants,Shopping
Throw pillows,wants,Shopping
Cushions designer,wants,Shopping
Decorative pillows,wants,Shopping
Cozy accessories,wants,Shopping
Soft furnishings,wants,Shopping
Table lamp designer,wants,Shopping
Floor lamp,wants,Shopping
Pendant light,wants,Shopping
Chandelier,wants,Shopping
Statement lighting,wants,Shopping
Designer lighting,wants,Shopping
Smart lights premium,wants,Shopping
Ambient lighting premium,wants,Shopping
Luxury lighting,wants,Shopping
Light fixtures designer,wants,Shopping
Mirror full length,wants,Shopping
Wall mirror designer,wants,Shopping
Decorative mirror,wants,Shopping
Statement mirror,wants,Shopping
Venetian mirror,wants,Shopping
Makeup vanity,wants,Shopping
Vanity table,wants,Shopping
Beauty station,wants,Shopping
Dressing table,wants,Shopping
Glamour furniture,wants,Shopping
Plant pots designer,wants,Shopping
Indoor plants,wants,Shopping
Monstera plant,wants,Shopping
Fiddle leaf fig,wants,Shopping
Decorative plants,wants,Shopping
Planters premium,wants,Shopping
Plant stand,wants,Shopping
Garden decor,wants,Shopping
Greenery decor,wants,Shopping
Botanical decor,wants,Shopping
Diffuser luxury,wants,Shopping
Essential oils premium,wants,Shopping
Aromatherapy set,wants,Shopping
Reed diffuser,wants,Shopping
Scent diffuser,wants,Shopping
Candles Jo Malone,wants,Shopping
Luxury candles,wants,Shopping
Scented candles premium,wants,Shopping
Designer candles,wants,Shopping
Candle collection,wants,Shopping
Makeup brushes set,wants,Shopping
Beauty blender,wants,Shopping
Makeup tools,wants,Shopping
Professional brushes,wants,Shopping
Sigma brushes,wants,Shopping
Foundation luxury,wants,Shopping
Estee Lauder,wants,Shopping
MAC cosmetics,wants,Shopping
NARS makeup,wants,Shopping
Urban Decay,wants,Shopping
Skincare routine,wants,Shopping
The Ordinary,wants,Shopping
Drunk Elephant,wants,Shopping
La Mer cream,wants,Shopping
SK-II essence,wants,Shopping
Serum premium,wants,Shopping
Moisturizer luxury,wants,Shopping
Eye cream expensive,wants,Shopping
Anti-aging products,wants,Shopping
Luxury skincare,wants,Shopping
Face mask sheet,wants,Shopping
Clay mask,wants,Shopping
Exfoliator premium,wants,Shopping
Cleanser luxury,wants,Shopping
Toner expensive,wants,Shopping
Lipstick collection,wants,Shopping
MAC lipstick,wants,Shopping
YSL lipstick,wants,Shopping
Dior lipstick,wants,Shopping
Chanel lipstick,wants,Shopping
Eyeshadow palette,wants,Shopping
Huda Beauty,wants,Shopping
Anastasia palette,wants,Shopping
Pat McGrath,wants,Shopping
Natasha Denona,wants,Shopping
Mascara premium,wants,Shopping
Eyeliner luxury,wants,Shopping
Brow products,wants,Shopping
Contour kit,wants,Shopping
Highlighter luxury,wants,Shopping
Blush high-end,wants,Shopping
Setting spray,wants,Shopping
Primer luxury,wants,Shopping
BB cream premium,wants,Shopping
CC cream expensive,wants,Shopping
Hair dryer Dyson,wants,Shopping
Hair straightener,wants,Shopping
Curling iron,wants,Shopping
Hair tools premium,wants,Shopping
Dyson Airwrap,wants,Shopping
GHD straightener,wants,Shopping
Hot tools,wants,Shopping
Professional hair tools,wants,Shopping
Hair care luxury,wants,Shopping
Salon products,wants,Shopping
Shampoo premium,wants,Shopping
Conditioner luxury,wants,Shopping
Hair mask expensive,wants,Shopping
Hair oil Moroccan,wants,Shopping
Olaplex treatment,wants,Shopping
K18 hair treatment,wants,Shopping
Professional hair care,wants,Shopping
Hair supplements,wants,Shopping
Hair vitamins,wants,Shopping
Beauty supplements,wants,Shopping
Chanel perfume,wants,Shopping
Dior Sauvage,wants,Shopping
Tom Ford perfume,wants,Shopping
Creed Aventus,wants,Shopping
Jo Malone cologne,wants,Shopping
Versace fragrance,wants,Shopping
Armani perfume,wants,Shopping
Prada perfume,wants,Shopping
Hermes perfume,wants,Shopping
Gucci perfume,wants,Shopping
Body spray luxury,wants,Shopping
Eau de parfum,wants,Shopping
Eau de toilette,wants,Shopping
Cologne premium,wants,Shopping
Niche perfume,wants,Shopping
Rare fragrance,wants,Shopping
Collector perfume,wants,Shopping
Limited edition scent,wants,Shopping
Exclusive fragrance,wants,Shopping
Artisan perfume,wants,Shopping
Novel hardcover,wants,Shopping
Book collection,wants,Shopping
First edition,wants,Shopping
Signed book,wants,Shopping
Rare books,wants,Shopping
Collector books,wants,Shopping
Art books,wants,Shopping
Photography books,wants,Shopping
Design books,wants,Shopping
Fashion books,wants,Shopping
Manga volume,wants,Shopping
Limited manga,wants,Shopping
Collector manga,wants,Shopping
Anime merchandise,wants,Shopping
Figure collection,wants,Shopping
Anime figure,wants,Shopping
Scale figure,wants,Shopping
Nendoroid,wants,Shopping
Figma,wants,Shopping
Hot Toys,wants,Shopping
Premium figures,wants,Shopping
Statue collectible,wants,Shopping
Limited figure,wants,Shopping
Exclusive merchandise,wants,Shopping
Funko Pop,wants,Shopping
Funko collection,wants,Shopping
Chase variant,wants,Shopping
Rare Funko,wants,Shopping
Limited Funko,wants,Shopping
LEGO Star Wars,wants,Shopping
LEGO Technic,wants,Shopping
LEGO Architecture,wants,Shopping
LEGO Creator,wants,Shopping
LEGO Ideas,wants,Shopping
LEGO UCS,wants,Shopping
Ultimate Collector Series,wants,Shopping
Display LEGO,wants,Shopping
LEGO modular,wants,Shopping
LEGO collector,wants,Shopping
Gunpla RG,wants,Shopping
Gunpla MG,wants,Shopping
Gunpla PG,wants,Shopping
Perfect Grade,wants,Shopping
Master Grade,wants,Shopping
Real Grade,wants,Shopping
Limited Gundam,wants,Shopping
P-Bandai,wants,Shopping
Gundam display,wants,Shopping
Model kit premium,wants,Shopping
Pokemon cards booster,wants,Shopping
Pokemon ETB,wants,Shopping
Elite Trainer Box,wants,Shopping
Graded cards,wants,Shopping
PSA cards,wants,Shopping
Vintage Pokemon,wants,Shopping
Charizard card,wants,Shopping
Rare cards,wants,Shopping
Card grading,wants,Shopping
TCG investment,wants,Shopping
Magic booster box,wants,Shopping
Magic singles,wants,Shopping
Commander deck,wants,Shopping
MTG premium,wants,Shopping
Collectors edition,wants,Shopping
Yu-Gi-Oh booster,wants,Shopping
Collector Yu-Gi-Oh,wants,Shopping
Rare Yu-Gi-Oh,wants,Shopping
Card sleeves premium,wants,Shopping
Dragon Shield,wants,Shopping
Perfect Fit sleeves,wants,Shopping
Card binder,wants,Shopping
Card storage,wants,Shopping
Card protection,wants,Shopping
Deck box premium,wants,Shopping
Playmat custom,wants,Shopping
Gaming playmat,wants,Shopping
Card accessories,wants,Shopping
Bali vacation,wants,Others
Bangkok trip,wants,Others
Singapore holiday,wants,Others
Japan travel,wants,Others
Korea tour,wants,Others
Europe trip,wants,Others
USA vacation,wants,Others
Dubai holiday,wants,Others
Maldives trip,wants,Others
Switzerland tour,wants,Others
Flight business class,wants,Others
First class ticket,wants,Others
Premium economy,wants,Others
Extra legroom,wants,Others
Flight upgrade,wants,Others
Direct flight,wants,Others
Express boarding,wants,Others
Priority boarding,wants,Others
Lounge access,wants,Others
Airport lounge,wants,Others
Hotel 5 star,wants,Others
Luxury hotel,wants,Others
Resort booking,wants,Others
Beach resort,wants,Others
Mountain resort,wants,Others
Spa resort,wants,Others
All-inclusive resort,wants,Others
Villa rental,wants,Others
Private villa,wants,Others
Luxury accommodation,wants,Others
Airbnb premium,wants,Others
Unique stays,wants,Others
Treehouse stay,wants,Others
Glamping,wants,Others
Boutique hotel,wants,Others
Heritage hotel,wants,Others
Design hotel,wants,Others
Lifestyle hotel,wants,Others
Hip hotel,wants,Others
Instagram hotel,wants,Others
Tour package,wants,Others
Guided tour,wants,Others
Private tour,wants,Others
Day tour,wants,Others
City tour,wants,Others
Food tour,wants,Others
Wine tour,wants,Others
Adventure tour,wants,Others
Extreme sports,wants,Others
Skydiving,wants,Others
Bungee jumping,wants,Others
Scuba diving,wants,Others
Diving course,wants,Others
Snorkeling trip,wants,Others
Island hopping,wants,Others
Boat tour,wants,Others
Yacht rental,wants,Others
Cruise vacation,wants,Others
Luxury cruise,wants,Others
River cruise,wants,Others
Mediterranean cruise,wants,Others
Caribbean cruise,wants,Others
Alaska cruise,wants,Others
Safari tour,wants,Others
Wildlife safari,wants,Others
Desert safari,wants,Others
Mountain climbing,wants,Others
Hiking tour,wants,Others
Trekking expedition,wants,Others
Adventure package,wants,Others
Camping glamorous,wants,Others
Outdoor adventure,wants,Others
Travel insurance premium,wants,Others
Comprehensive coverage,wants,Others
Cancel for any reason,wants,Others
Travel protection plus,wants,Others
Souvenirs shopping,wants,Others
Gift shopping travel,wants,Others
Local crafts,wants,Others
Artisan goods,wants,Others
Travel memorabilia,wants,Others
Duty free shopping,wants,Others
Airport shopping,wants,Others
Tax free goods,wants,Others
Luxury shopping abroad,wants,Others
Designer shopping overseas,wants,Others
Painting hobby,wants,Others
Canvas and paint,wants,Others
Oil paints,wants,Others
Acrylic paints,wants,Others
Watercolor set,wants,Others
Art supplies premium,wants,Others
Professional art materials,wants,Others
Artist brushes,wants,Others
Easel studio,wants,Others
Art studio equipment,wants,Others
Photography course,wants,Others
Online course,wants,Others
Masterclass subscription,wants,Others
Skillshare premium,wants,Others
Udemy courses,wants,Others
Learning platform,wants,Others
Professional development,wants,Others
Hobby class,wants,Others
Workshop creative,wants,Others
Seminar attendance,wants,Others
Knitting supplies,wants,Others
Yarn premium,wants,Others
Merino wool,wants,Others
Cashmere yarn,wants,Others
Knitting needles,wants,Others
Crochet hooks,wants,Others
Craft supplies,wants,Others
Scrapbooking materials,wants,Others
Journaling supplies,wants,Others
Bullet journal,wants,Others
Fishing rod premium,wants,Others
Fishing reel,wants,Others
Fishing tackle,wants,Others
Lures collection,wants,Others
Fishing gear,wants,Others
Angling equipment,wants,Others
Fly fishing gear,wants,Others
Deep sea equipment,wants,Others
Fishing charter,wants,Others
Fishing trip,wants,Others
Golf clubs Titleist,wants,Others
Callaway clubs,wants,Others
TaylorMade driver,wants,Others
Ping irons,wants,Others
Golf putter,wants,Others
Golf bag premium,wants,Others
Golf shoes,wants,Others
Golf apparel,wants,Others
Golf accessories,wants,Others
Green fees,wants,Others
Golf membership premium,wants,Others
Country club,wants,Others
Exclusive club,wants,Others
Club membership elite,wants,Others
VIP membership,wants,Others
Tennis racket,wants,Others
Wilson racket,wants,Others
Babolat racket,wants,Others
Tennis gear,wants,Others
Tennis lessons,wants,Others
Badminton racket premium,wants,Others
Yonex racket,wants,Others
Li-Ning racket,wants,Others
Badminton gear,wants,Others
Court booking,wants,Others
Bicycle premium,wants,Others
Road bike,wants,Others
Mountain bike,wants,Others
Carbon bike,wants,Others
E-bike,wants,Others
Cycling gear,wants,Others
Bike accessories,wants,Others
Cycling apparel,wants,Others
Bike maintenance,wants,Others
Bike upgrade,wants,Others
Gym personal trainer,wants,Others
PT sessions,wants,Others
Nutrition coaching,wants,Others
Fitness coach,wants,Others
Online coaching,wants,Others
Training program,wants,Others
Workout plan premium,wants,Others
Meal prep service,wants,Others
Fitness app premium,wants,Others
Health app subscription,wants,Others
Yoga mat premium,wants,Others
Lululemon mat,wants,Others
Manduka mat,wants,Others
Yoga props,wants,Others
Yoga blocks,wants,Others
Yoga wheel,wants,Others
Meditation cushion,wants,Others
Bolster yoga,wants,Others
Yoga attire,wants,Others
Activewear premium,wants,Others
Supplement protein,wants,Others
Whey protein,wants,Others
Pre-workout,wants,Others
BCAA supplements,wants,Others
Creatine,wants,Others
Fat burner,wants,Others
Mass gainer,wants,Others
Vitamin supplements,wants,Others
Multivitamin premium,wants,Others
Omega 3 premium,wants,Others
Collagen supplements,wants,Others
Beauty vitamins,wants,Others
Hair skin nails,wants,Others
Biotin supplements,wants,Others
Health supplements luxury,wants,Others
Wellness products,wants,Others
Organic supplements,wants,Others
Superfood powder,wants,Others
Protein bars,wants,Others
Health snacks,wants,Others
Massage chair,wants,Others
Massage gun Theragun,wants,Others
Recovery tools,wants,Others
Foam roller premium,wants,Others
Fitness equipment home,wants,Others
Dumbbells set,wants,Others
Kettlebell premium,wants,Others
Resistance bands,wants,Others
Pull up bar,wants,Others
Home gym equipment,wants,Others
Treadmill,wants,Others
Exercise bike,wants,Others
Rowing machine,wants,Others
Elliptical machine,wants,Others
Smart fitness mirror,wants,Others
Peloton bike,wants,Others
Premium fitness gear,wants,Others
Connected fitness,wants,Others
Smart scale,wants,Others
Body composition,wants,Others
Food scale smart,wants,Others
Kitchen gadgets premium,wants,Others
Air fryer premium,wants,Others
Instant pot,wants,Others
Vitamix blender,wants,Others
KitchenAid mixer,wants,Others
Espresso machine,wants,Others
Coffee maker premium,wants,Others
Nespresso machine,wants,Others
Breville appliances,wants,Others
Le Creuset cookware,wants,Others
Cast iron premium,wants,Others
Staub cookware,wants,Others
All-Clad pans,wants,Others
Japanese knives,wants,Others
Chef knife premium,wants,Others
Knife set luxury,wants,Others
Kitchen tools premium,wants,Others
Gadgets cooking,wants,Others
Culinary equipment,wants,Others
Baking supplies premium,wants,Others
Stand mixer premium,wants,Others
Food processor,wants,Others
Sous vide machine,wants,Others
Smoking gun culinary,wants,Others
Molecular gastronomy,wants,Others
Professional cookware,wants,Others
Restaurant equipment home,wants,Others
Bar cart,wants,Others
Cocktail set,wants,Others
Bar tools premium,wants,Others
Wine fridge,wants,Others
Wine cellar,wants,Others
Decanter crystal,wants,Others
Wine glasses premium,wants,Others
Glassware collection,wants,Others
Crystal glassware,wants,Others
Whiskey glasses,wants,Others
Smart home devices,wants,Shopping
Google Nest,wants,Shopping
Amazon Echo,wants,Shopping
HomePod,wants,Shopping
Smart display,wants,Shopping
Robot vacuum,wants,Shopping
Roomba,wants,Shopping
Roborock vacuum,wants,Shopping
Smart vacuum premium,wants,Shopping
Air purifier premium,wants,Shopping
Dyson purifier,wants,Shopping
HEPA filter premium,wants,Shopping
Smart air quality,wants,Shopping
Humidifier premium,wants,Shopping
Dehumidifier smart,wants,Shopping
Smart thermostat,wants,Shopping
Nest thermostat,wants,Shopping
Smart AC controller,wants,Shopping
Home automation,wants,Shopping
Smart switches,wants,Shopping
Smart plugs premium,wants,Shopping
Security camera,wants,Shopping
Ring doorbell,wants,Shopping
Nest camera,wants,Shopping
Arlo camera,wants,Shopping
Smart lock,wants,Shopping
Digital door lock,wants,Shopping
Biometric lock,wants,Shopping
Smart doorbell,wants,Shopping
Home security premium,wants,Shopping
Alarm system smart,wants,Shopping
Vinyl player,wants,Shopping
Record player premium,wants,Shopping
Audiophile turntable,wants,Shopping
Vintage audio,wants,Shopping
Retro electronics,wants,Shopping
Instant camera,wants,Shopping
Polaroid camera,wants,Shopping
Fujifilm Instax,wants,Shopping
Film photography,wants,Shopping
Analog camera,wants,Shopping
Vintage camera,wants,Shopping
Film rolls,wants,Shopping
Darkroom supplies,wants,Shopping
Photography film,wants,Shopping
Instant film,wants,Shopping